{"cameraMode":{"drawMode":0,"name":"Shaded","section":"Shading Mode"},"sceneLighting":true,"audioPlay":false,"sceneViewState":{"m_AlwaysRefresh":false,"showFog":true,"showSkybox":true,"showFlares":true,"showImageEffects":true,"showParticleSystems":true,"showVisualEffectGraphs":true,"m_FxEnabled":true},"in2DMode":false,"pivot":{"x":0.03538477420806885,"y":0.48487624526023867,"z":0.021897733211517335},"rotation":{"x":-0.007809816859662533,"y":0.0020967440214008095,"z":-0.00001652013452257961,"w":-0.9999686479568481},"size":6.2539849281311039,"orthographic":true}