{"cameraMode":{"drawMode":0,"name":"Shaded","section":"Shading Mode"},"sceneLighting":true,"audioPlay":false,"sceneViewState":{"m_AlwaysRefresh":false,"showFog":true,"showSkybox":true,"showFlares":true,"showImageEffects":true,"showParticleSystems":true,"showVisualEffectGraphs":true,"m_FxEnabled":true},"in2DMode":false,"pivot":{"x":4.947575092315674,"y":0.8573873043060303,"z":0.09715063869953156},"rotation":{"x":-0.007809816859662533,"y":0.0020967440214008095,"z":-0.00001652013452257961,"w":-0.9999686479568481},"size":33.46280288696289,"orthographic":true}